<?xml version="1.0" encoding="UTF-8"?>
<!DOCTYPE hibernate-configuration PUBLIC
		"-//Hibernate/Hibernate Configuration DTD 3.0//EN"
		"https://hibernate.org/dtd/hibernate-configuration-3.0.dtd">
<hibernate-configuration>
    <session-factory>
    	
        <property name="hibernate.connection.driver_class">com.mysql.cj.jdbc.Driver</property>
        <property name="hibernate.connection.password">avocado</property>
        <property name="hibernate.connection.url">jdbc:mysql://localhost:3306/flyaway</property>
        <property name="hibernate.connection.username">root</property>
        <property name="hibernate.dialect">org.hibernate.dialect.MySQL8Dialect</property>
        <property name="hibernate.hbm2ddl.auto">update</property>
        
        <property name="hibernate.current_session_context_class">thread</property>
        <property name="hibernate.show_sql">true</property>
        
        <mapping class="com.app.entity.Airline"/>
        <mapping class="com.app.entity.Flight"/>
        <mapping class="com.app.entity.Location"/>
        <mapping class="com.app.entity.AdminPwd"/>
        
    </session-factory>
</hibernate-configuration>